2025-09-18 10:42:05.902751,BUY,NSE:NIFTY2592325400CE,126.4
2025-09-18 10:42:06.902751,SELL,NSE:NIFTY2592325400CE,129.1
2025-09-18 11:45:03.253896,BUY,NSE:NIFTY2592325400PE,57.5
2025-09-18 11:52:34.108844,SELL,NSE:NIFTY2592325400PE,59.95
2025-09-18 12:41:05.509173,BUY,NSE:NIFTY2592325350PE,56
2025-09-18 13:00:48.541628,SELL,NSE:NIFTY2592325350PE,61.2
2025-09-18 13:11:02.345408,BUY,NSE:NIFTY2592325350PE,68.3
2025-09-18 13:11:53.157452,SELL,NSE:NIFTY2592325350PE,64.35
2025-09-18 13:26:02.909239,BUY,NSE:NIFTY2592325350CE,126.8
2025-09-18 13:45:58.493948,SELL,NSE:NIFTY2592325350CE,132.1
2025-09-18 13:51:02.804432,BUY,NSE:NIFTY2592325350PE,58.85
2025-09-18 14:03:01.896142,SELL,NSE:NIFTY2592325350PE,59.1
2025-09-18 14:19:02.747069,BUY,NSE:NIFTY2592325350PE,61.9
2025-09-18 14:24:16.532309,SELL,NSE:NIFTY2592325350PE,64.2
2025-09-18 14:26:03.651473,BUY,NSE:NIFTY2592325300PE,49.25
2025-09-18 14:26:07.513038,SELL,NSE:NIFTY2592325300PE,48.15
2025-09-18 14:46:06.566225,BUY,NSE:NIFTY2592325350CE,122.15
2025-09-18 14:48:28.765905,SELL,NSE:NIFTY2592325350CE,124.7
2025-09-18 15:05:02.959328,BUY,NSE:NIFTY2592325400CE,116.7
2025-09-18 15:11:47.439149,SELL,NSE:NIFTY2592325400CE,127.85
2025-09-19 10:41:01.012510,BUY,NSE:NIFTY2592325350PE,84.3
2025-09-19 10:42:20.366606,SELL,NSE:NIFTY2592325350PE,80.5
2025-09-19 10:48:00.876975,BUY,NSE:NIFTY2592325350PE,87.35
2025-09-19 10:49:11.560010,SELL,NSE:NIFTY2592325350PE,84.8
2025-09-19 11:01:00.872093,BUY,NSE:NIFTY2592325350PE,88.85
2025-09-19 11:05:38.660051,SELL,NSE:NIFTY2592325350PE,84.55
2025-09-19 11:27:01.086516,BUY,NSE:NIFTY2592325300CE,100.95
2025-09-19 11:29:49.449972,SELL,NSE:NIFTY2592325300CE,99
2025-09-19 11:37:02.053855,BUY,NSE:NIFTY2592325350PE,88.6
2025-09-19 11:47:55.197994,SELL,NSE:NIFTY2592325350PE,94.95
2025-09-19 12:14:03.795755,BUY,NSE:NIFTY2592325300CE,97.95
2025-09-19 12:15:36.030001,SELL,NSE:NIFTY2592325300CE,93.9
2025-09-19 12:52:01.227417,BUY,NSE:NIFTY2592325300CE,96.7
2025-09-19 12:53:50.446607,SELL,NSE:NIFTY2592325300CE,90.15
2025-09-19 13:25:01.137675,BUY,NSE:NIFTY2592325300CE,107.6
2025-09-19 13:27:11.071782,SELL,NSE:NIFTY2592325300CE,109.7
2025-09-19 13:28:13.249186,BUY,NSE:NIFTY2592325300CE,111.7
2025-09-19 13:33:06.821146,SELL,NSE:NIFTY2592325300CE,107.55
2025-09-19 14:47:01.093698,BUY,NSE:NIFTY2592325300CE,115.2
2025-09-19 14:47:49.488155,SELL,NSE:NIFTY2592325300CE,116.9
2025-09-22 11:21:01.228043,BUY,NSE:NIFTY2592325300PE,50.1
2025-09-22 11:21:49.772313,SELL,NSE:NIFTY2592325300PE,53.65
2025-09-22 11:26:01.353424,BUY,NSE:NIFTY2592325300PE,54.7
2025-09-22 11:26:58.239899,SELL,NSE:NIFTY2592325300PE,50.15
2025-09-22 11:31:01.741569,BUY,NSE:NIFTY2592325300PE,54.65
2025-09-22 12:02:00.518322,SELL,NSE:NIFTY2592325300PE,47.45
2025-09-22 13:17:16.692043,BUY,NSE:NIFTY2592325300PE,40.75
2025-09-22 13:19:00.543201,SELL,NSE:NIFTY2592325300PE,42.5
2025-09-22 13:24:02.035138,BUY,NSE:NIFTY2592325300PE,44.85
2025-09-22 13:24:15.684462,SELL,NSE:NIFTY2592325300PE,43.85
2025-09-22 13:32:02.325681,BUY,NSE:NIFTY2592325300PE,45.25
2025-09-22 13:36:00.456008,SELL,NSE:NIFTY2592325300PE,43.5
2025-09-22 13:54:01.910271,BUY,NSE:NIFTY2592325300PE,44.8
2025-09-22 13:55:03.197666,SELL,NSE:NIFTY2592325300PE,45.9
2025-09-22 13:57:02.382159,BUY,NSE:NIFTY2592325300PE,51.5
2025-09-22 14:06:45.386874,SELL,NSE:NIFTY2592325300PE,46.5
2025-09-22 14:25:02.619440,BUY,NSE:NIFTY2592325300PE,49.6
2025-09-22 14:25:32.642815,SELL,NSE:NIFTY2592325300PE,49
2025-09-22 14:32:02.124149,BUY,NSE:NIFTY2592325250PE,41.5
2025-09-22 14:35:07.118444,SELL,NSE:NIFTY2592325250PE,48.7
2025-09-22 14:41:02.050632,BUY,NSE:NIFTY2592325250PE,58.5
2025-09-22 14:46:34.215830,SELL,NSE:NIFTY2592325250PE,81.8
2025-09-22 14:56:02.344838,BUY,NSE:NIFTY2592325200PE,40.45
2025-09-22 14:58:00.485290,SELL,NSE:NIFTY2592325200PE,38.75
2025-09-23 09:29:02.638098,BUY,NSE:NIFTY25SEP25200PE,109.85
2025-09-23 09:42:05.368457,SELL,NSE:NIFTY25SEP25200PE,131.45
2025-09-23 09:44:02.795765,BUY,NSE:NIFTY25SEP25150PE,113.7
2025-09-23 09:44:06.732869,SELL,NSE:NIFTY25SEP25150PE,113.4
2025-09-23 10:03:02.871658,BUY,NSE:NIFTY25SEP25100CE,194.2
2025-09-23 10:03:06.871658,SELL,NSE:NIFTY25SEP25100CE,189.55
2025-09-23 10:19:01.705840,BUY,NSE:NIFTY25SEP25150PE,114.1
2025-09-23 10:29:00.846518,SELL,NSE:NIFTY25SEP25150PE,114.8
2025-09-23 10:33:02.408477,BUY,NSE:NIFTY25SEP25150PE,117
2025-09-23 10:33:54.663473,SELL,NSE:NIFTY25SEP25150PE,118.6
2025-09-23 11:04:14.761207,BUY,NSE:NIFTY25SEP25100CE,193.5
2025-09-23 11:04:57.689547,SELL,NSE:NIFTY25SEP25100CE,187.5
2025-09-23 11:06:02.795764,BUY,NSE:NIFTY25SEP25100CE,190.05
2025-09-23 11:06:26.037841,SELL,NSE:NIFTY25SEP25100CE,188.25
2025-09-23 11:11:02.887988,BUY,NSE:NIFTY25SEP25150PE,121.7
2025-09-23 11:15:11.564737,SELL,NSE:NIFTY25SEP25150PE,133.15
2025-09-23 11:37:03.026150,BUY,NSE:NIFTY25SEP25100PE,105.85
2025-09-23 11:37:18.149552,SELL,NSE:NIFTY25SEP25100PE,106
2025-09-23 11:45:02.756576,BUY,NSE:NIFTY25SEP25100CE,176.75
2025-09-23 11:46:22.581658,SELL,NSE:NIFTY25SEP25100CE,178.6
2025-09-23 11:47:26.185797,BUY,NSE:NIFTY25SEP25100CE,179.3
2025-09-23 11:47:51.619895,SELL,NSE:NIFTY25SEP25100CE,176.15
2025-09-23 11:55:02.642405,BUY,NSE:NIFTY25SEP25100CE,182.5
2025-09-23 11:55:27.803089,SELL,NSE:NIFTY25SEP25100CE,186.75
2025-09-23 12:06:02.815170,BUY,NSE:NIFTY25SEP25100CE,189.05
2025-09-23 12:16:26.312024,SELL,NSE:NIFTY25SEP25100CE,199.05
2025-09-23 12:23:02.583462,BUY,NSE:NIFTY25SEP25100CE,196.1
2025-09-23 12:28:04.281237,SELL,NSE:NIFTY25SEP25100CE,203.65
2025-09-23 12:31:02.400602,BUY,NSE:NIFTY25SEP25150CE,173.2
2025-09-23 12:33:17.627521,SELL,NSE:NIFTY25SEP25150CE,182.55
2025-09-23 12:36:02.483419,BUY,NSE:NIFTY25SEP25200CE,172.6
2025-09-23 12:44:36.340553,SELL,NSE:NIFTY25SEP25200CE,156.25
2025-09-23 13:01:02.678876,BUY,NSE:NIFTY25SEP25150CE,201.15
2025-09-23 13:09:01.235327,SELL,NSE:NIFTY25SEP25150CE,192.85
2025-09-23 13:29:02.450925,BUY,NSE:NIFTY25SEP25200CE,171.35
2025-09-23 13:30:51.808340,SELL,NSE:NIFTY25SEP25200CE,177.45
2025-09-23 13:32:02.512128,BUY,NSE:NIFTY25SEP25200CE,196.6
2025-09-23 13:55:01.182167,SELL,NSE:NIFTY25SEP25200CE,183.9
2025-09-23 13:57:02.632791,BUY,NSE:NIFTY25SEP25250PE,110.75
2025-09-23 14:01:19.914318,SELL,NSE:NIFTY25SEP25250PE,105.9
2025-09-23 14:07:02.796514,BUY,NSE:NIFTY25SEP25250CE,166.35
2025-09-23 14:13:04.832349,SELL,NSE:NIFTY25SEP25250CE,157.4
2025-09-23 14:45:02.375069,BUY,NSE:NIFTY25SEP25200CE,179.55
2025-09-23 14:45:55.157012,SELL,NSE:NIFTY25SEP25200CE,176.6
2025-09-24 10:06:03.035521,BUY,NSE:NIFTY25SEP25100CE,137.9
2025-09-24 10:06:19.355177,SELL,NSE:NIFTY25SEP25100CE,135.8
2025-09-24 10:16:07.001327,BUY,NSE:NIFTY25SEP25050CE,169.3
2025-09-24 10:16:20.026440,SELL,NSE:NIFTY25SEP25050CE,172.1
2025-09-24 10:55:02.792802,BUY,NSE:NIFTY25SEP25100PE,103.6
2025-09-24 10:56:39.281071,SELL,NSE:NIFTY25SEP25100PE,100.1
2025-09-24 11:08:02.901764,BUY,NSE:NIFTY25SEP25050PE,96
2025-09-24 11:08:23.955220,SELL,NSE:NIFTY25SEP25050PE,101.1
2025-09-24 11:32:02.988264,BUY,NSE:NIFTY25SEP25050CE,149.2
2025-09-24 11:44:00.900359,SELL,NSE:NIFTY25SEP25050CE,146.35
2025-09-24 11:49:02.915959,BUY,NSE:NIFTY25SEP25050CE,152.25
2025-09-24 11:49:35.870393,SELL,NSE:NIFTY25SEP25050CE,151
2025-09-24 11:52:09.313447,BUY,NSE:NIFTY25SEP25050CE,153.8
2025-09-24 11:52:15.136303,SELL,NSE:NIFTY25SEP25050CE,151.4
2025-09-24 12:01:23.342258,BUY,NSE:NIFTY25SEP25050CE,153.4
2025-09-24 12:02:07.170453,SELL,NSE:NIFTY25SEP25050CE,154.4
2025-09-24 12:12:03.036572,BUY,NSE:NIFTY25SEP25050CE,160.35
2025-09-24 12:23:02.989019,SELL,NSE:NIFTY25SEP25050CE,171.75
2025-09-24 12:54:07.241601,BUY,NSE:NIFTY25SEP25100CE,135.7
2025-09-24 12:56:34.749324,SELL,NSE:NIFTY25SEP25100CE,139.25
2025-09-24 13:14:06.774923,BUY,NSE:NIFTY25SEP25100CE,159.45
2025-09-24 13:22:01.065347,SELL,NSE:NIFTY25SEP25100CE,153.7
2025-09-24 13:47:02.914043,BUY,NSE:NIFTY25SEP25150PE,95.7
2025-09-24 14:17:08.440413,SELL,NSE:NIFTY25SEP25150PE,102
2025-09-24 14:25:03.016889,BUY,NSE:NIFTY25SEP25100PE,84.7
2025-09-24 14:28:10.026529,SELL,NSE:NIFTY25SEP25100PE,83.05
2025-09-24 14:32:03.273867,BUY,NSE:NIFTY25SEP25100PE,87.3
2025-09-24 14:36:00.792435,SELL,NSE:NIFTY25SEP25100PE,83.75
2025-09-24 14:42:03.116521,BUY,NSE:NIFTY25SEP25100PE,88.25
2025-09-24 14:57:38.956708,SELL,NSE:NIFTY25SEP25100PE,98.45
2025-09-24 15:00:03.340332,BUY,NSE:NIFTY25SEP25050PE,81.7
2025-09-24 15:00:06.943098,SELL,NSE:NIFTY25SEP25050PE,80.55
2025-09-25 09:28:03.337778,BUY,NSE:NIFTY25SEP25050CE,140.35
2025-09-25 09:29:02.114923,SELL,NSE:NIFTY25SEP25050CE,133.9
2025-09-25 09:32:03.119363,BUY,NSE:NIFTY25SEP25050CE,136.45
2025-09-25 09:32:59.916078,SELL,NSE:NIFTY25SEP25050CE,126.4
2025-09-25 09:36:05.070412,BUY,NSE:NIFTY25SEP25100PE,99.95
2025-09-25 09:37:31.834670,SELL,NSE:NIFTY25SEP25100PE,96.35
2025-09-25 10:03:04.995493,BUY,NSE:NIFTY25SEP25050PE,81.1
2025-09-25 10:03:47.571936,SELL,NSE:NIFTY25SEP25050PE,84.1
2025-09-25 10:06:05.324100,BUY,NSE:NIFTY25SEP25050PE,87.9
2025-09-25 10:08:37.396620,SELL,NSE:NIFTY25SEP25050PE,84.65
2025-09-25 10:14:04.541331,BUY,NSE:NIFTY25SEP25050PE,86.6
2025-09-25 10:35:58.449309,SELL,NSE:NIFTY25SEP25050PE,92.7
2025-09-26 10:06:03.916221,BUY,NSE:NIFTY25SEP24800PE,68.7,65.85,72.725
2025-09-26 10:08:36.999019,SELL,NSE:NIFTY25SEP24800PE,72.25
2025-09-26 10:19:02.202079,BUY,NSE:NIFTY25SEP24800PE,73.35,69.2,79.2
2025-09-26 10:22:20.087565,SELL,NSE:NIFTY25SEP24800PE,69.1
2025-09-26 10:52:03.711267,BUY,NSE:NIFTY25SEP24800CE,119.65,116.75,124.25
2025-09-26 10:52:13.054385,SELL,NSE:NIFTY25SEP24800CE,116.75
2025-09-26 11:01:02.306994,BUY,NSE:NIFTY25SEP24800PE,74.6,72.8,78.19999999999999
2025-09-26 11:02:45.573373,SELL,NSE:NIFTY25SEP24800PE,72.75
2025-09-26 11:15:01.781694,BUY,NSE:NIFTY25SEP24800PE,78.6,73.8,85.30000000000001
2025-09-26 11:23:00.304615,SELL,NSE:NIFTY25SEP24800PE,76.5
2025-09-26 11:33:01.677629,BUY,NSE:NIFTY25SEP24800PE,83.2,79.5,88.25
2025-09-26 11:35:57.171141,SELL,NSE:NIFTY25SEP24800PE,79.2
2025-09-26 11:38:01.843105,BUY,NSE:NIFTY25SEP24800PE,82.75,80.5,84.6
2025-09-26 11:39:00.737783,SELL,NSE:NIFTY25SEP24800PE,84.8
2025-09-26 11:51:01.966328,BUY,NSE:NIFTY25SEP24750CE,126.9,123.25,132.0
2025-09-26 11:57:00.705852,SELL,NSE:NIFTY25SEP24750CE,131.6
2025-09-26 12:17:06.305979,BUY,NSE:NIFTY25SEP24800PE,80,77.6,82.4
2025-09-26 12:31:25.106654,SELL,NSE:NIFTY25SEP24800PE,82.65
2025-09-26 13:13:01.491402,BUY,NSE:NIFTY25SEP24800PE,76,73.85,79.7
2025-09-26 13:14:53.869726,SELL,NSE:NIFTY25SEP24800PE,79.6
2025-09-26 13:51:01.754072,BUY,NSE:NIFTY25SEP24700PE,76.95,62.15,106.55000000000001
2025-09-26 14:04:59.528425,SELL,NSE:NIFTY25SEP24700PE,107.8
2025-09-26 14:28:01.622349,BUY,NSE:NIFTY25SEP24650PE,84.3,80.0,88.19999999999999
2025-09-26 14:30:00.302870,SELL,NSE:NIFTY25SEP24650PE,81.3
2025-09-26 14:55:01.701077,BUY,NSE:NIFTY25SEP24650PE,80.95,78.6,85.05000000000001
2025-09-26 14:56:09.511974,SELL,NSE:NIFTY25SEP24650PE,78.5
2025-09-29 10:09:21.722859,BUY,NSE:NIFTY25SEP24750PE,47.85,42.55,56.175000000000004
2025-09-29 10:12:00.601120,SELL,NSE:NIFTY25SEP24750PE,42.6
2025-09-29 10:19:01.972296,BUY,NSE:NIFTY25SEP24750CE,117.6,102.3,147.15
2025-09-29 10:29:00.412475,SELL,NSE:NIFTY25SEP24750CE,110.5
2025-09-29 10:55:02.053690,BUY,NSE:NIFTY25SEP24750PE,53.35,46.65,67.05000000000001
2025-09-29 10:58:54.104711,SELL,NSE:NIFTY25SEP24750PE,46.5
2025-09-29 11:13:04.209981,BUY,NSE:NIFTY25SEP24750PE,50.05,45.2,59.29999999999999
2025-09-29 11:30:56.162946,SELL,NSE:NIFTY25SEP24750PE,62.5
2025-09-29 11:31:58.816295,BUY,NSE:NIFTY25SEP24750PE,60.55,53.45,75.49999999999999
2025-09-29 11:36:46.336806,SELL,NSE:NIFTY25SEP24750PE,79.3
2025-09-29 11:38:01.599998,BUY,NSE:NIFTY25SEP24700PE,57.9,54.15,65.4
2025-09-29 11:39:14.121418,SELL,NSE:NIFTY25SEP24700PE,53.9
2025-09-29 11:49:06.460781,BUY,NSE:NIFTY25SEP24650PE,51.5,47.55,57.6
2025-09-29 11:50:46.448418,SELL,NSE:NIFTY25SEP24650PE,47.05
2025-09-29 11:54:06.138854,BUY,NSE:NIFTY25SEP24700PE,60.3,56.4,65.9
2025-09-29 11:56:02.284967,SELL,NSE:NIFTY25SEP24700PE,58.65
2025-09-29 12:02:06.111823,BUY,NSE:NIFTY25SEP24700PE,67.3,59.6,76.85
2025-09-29 12:05:01.615129,SELL,NSE:NIFTY25SEP24700PE,62.1
2025-09-29 12:08:06.155904,BUY,NSE:NIFTY25SEP24700PE,68.2,63.25,71.94999999999999
2025-09-29 12:09:31.568148,SELL,NSE:NIFTY25SEP24700PE,72.2
2025-09-29 12:20:06.595325,BUY,NSE:NIFTY25SEP24650PE,51.2,48.75,54.75
2025-09-29 12:21:52.704301,SELL,NSE:NIFTY25SEP24650PE,49.15
2025-09-29 12:34:07.345503,BUY,NSE:NIFTY25SEP24650PE,54.95,48.8,64.92500000000001
2025-09-29 12:39:14.081993,SELL,NSE:NIFTY25SEP24650PE,64.95
2025-09-29 12:40:21.705357,BUY,NSE:NIFTY25SEP24650PE,67.35,59.2,82.14999999999998
2025-09-29 12:51:01.709604,SELL,NSE:NIFTY25SEP24650PE,63.7
2025-09-29 13:04:06.188672,BUY,NSE:NIFTY25SEP24650CE,88.95,84.85,97.75000000000003
2025-09-29 13:05:58.100823,SELL,NSE:NIFTY25SEP24650CE,96.35
2025-09-29 13:09:07.561491,BUY,NSE:NIFTY25SEP24650CE,91.15,84.05,97.95
2025-09-29 13:10:50.469749,SELL,NSE:NIFTY25SEP24650CE,105.25
2025-09-29 13:18:05.958323,BUY,NSE:NIFTY25SEP24650CE,104.35,98.05,111.05
2025-09-29 13:23:24.805708,SELL,NSE:NIFTY25SEP24650CE,111.2
2025-09-29 13:24:32.919008,BUY,NSE:NIFTY25SEP24650CE,117,106.5,139.79999999999998
2025-09-29 13:41:00.563977,SELL,NSE:NIFTY25SEP24650CE,119.45
2025-09-29 14:19:09.008160,BUY,NSE:NIFTY25SEP24700CE,97.05,92.9,104.15
2025-09-29 14:20:47.456970,SELL,NSE:NIFTY25SEP24700CE,103.85
2025-09-29 14:29:02.870510,BUY,NSE:NIFTY25SEP24750PE,56.5,53.75,60.74999999999999
2025-09-29 14:29:39.390944,SELL,NSE:NIFTY25SEP24750PE,53.75
2025-09-29 14:30:43.570844,BUY,NSE:NIFTY25SEP24750PE,60.15,53.7,69.82499999999999
2025-09-29 14:35:00.544232,SELL,NSE:NIFTY25SEP24750PE,56.95
2025-09-29 14:44:02.794850,BUY,NSE:NIFTY25SEP24700PE,54.5,51.15,60.15
2025-09-29 14:46:05.319846,SELL,NSE:NIFTY25SEP24700PE,60.9
2025-09-29 14:58:02.667206,BUY,NSE:NIFTY25SEP24700PE,56.15,52.4,60.199999999999996
2025-09-29 14:58:57.081810,SELL,NSE:NIFTY25SEP24700PE,51.5
2025-09-29 15:01:02.500873,BUY,NSE:NIFTY25SEP24650PE,52.5,41.15,72.80000000000001
2025-09-29 15:11:00.648331,SELL,NSE:NIFTY25SEP24650PE,41.4
2025-09-30 10:01:05.097864,BUY,NSE:NIFTY25O0724650CE,191.3,188.85,194.65
2025-09-30 10:01:31.706573,SELL,NSE:NIFTY25O0724650CE,194.25
2025-09-30 11:47:10.053938,BUY,NSE:NIFTY25O0724650PE,122.95,121.75,124.875
2025-09-30 11:47:16.428613,SELL,NSE:NIFTY25O0724650PE,121.35
2025-09-30 11:53:05.662721,BUY,NSE:NIFTY25O0724650PE,126.1,122.05,130.05
2025-09-30 11:58:40.276677,SELL,NSE:NIFTY25O0724650PE,129.85
2025-09-30 12:11:03.615670,BUY,NSE:NIFTY25O0724600CE,206.1,204.25,208.95
2025-09-30 12:11:46.029139,SELL,NSE:NIFTY25O0724600CE,204.4
2025-09-30 12:48:03.139047,BUY,NSE:NIFTY25O0724700PE,138.35,134.5,143.0
2025-09-30 12:52:03.308286,SELL,NSE:NIFTY25O0724700PE,134.6
2025-09-30 13:02:03.370506,BUY,NSE:NIFTY25O0724650PE,119.7,114.85,127.72500000000001
2025-09-30 13:05:41.381195,SELL,NSE:NIFTY25O0724650PE,114.95
2025-09-30 13:10:03.121433,BUY,NSE:NIFTY25O0724650CE,178.9,174.3,184.67499999999995
2025-09-30 13:11:10.951524,SELL,NSE:NIFTY25O0724650CE,184.25
2025-09-30 13:18:03.187329,BUY,NSE:NIFTY25O0724650CE,183.9,176.95,196.60000000000002
2025-09-30 13:19:15.944314,SELL,NSE:NIFTY25O0724650CE,177.45
2025-09-30 13:33:02.498765,BUY,NSE:NIFTY25O0724650PE,122.65,120.25,124.24999999999999
2025-09-30 13:33:29.348456,SELL,NSE:NIFTY25O0724650PE,124.45
2025-09-30 13:39:04.809703,BUY,NSE:NIFTY25O0724650PE,121.25,117.7,122.49999999999999
2025-09-30 13:39:21.431345,SELL,NSE:NIFTY25O0724650PE,122.3
2025-09-30 13:53:04.161969,BUY,NSE:NIFTY25O0724600CE,197.15,194.6,200.60000000000002
2025-09-30 13:53:49.198016,SELL,NSE:NIFTY25O0724600CE,194.05
2025-09-30 13:55:01.966681,BUY,NSE:NIFTY25O0724650PE,125.9,120.85,133.72500000000002
2025-09-30 13:58:18.935717,SELL,NSE:NIFTY25O0724650PE,120.2
2025-09-30 14:04:01.821477,BUY,NSE:NIFTY25O0724650PE,126.45,122.0,134.5
2025-09-30 14:04:52.629599,SELL,NSE:NIFTY25O0724650PE,122
2025-09-30 14:10:01.890306,BUY,NSE:NIFTY25O0724650PE,126,122.4,128.79999999999998
2025-09-30 14:10:38.562353,SELL,NSE:NIFTY25O0724650PE,129.05
2025-09-30 14:16:02.121684,BUY,NSE:NIFTY25O0724650PE,134.75,127.2,148.8
2025-09-30 14:23:52.742938,SELL,NSE:NIFTY25O0724650PE,127.4
2025-09-30 14:26:02.066200,BUY,NSE:NIFTY25O0724650PE,129.85,127.7,133.20000000000002
2025-09-30 14:26:05.859115,SELL,NSE:NIFTY25O0724650PE,129.95
2025-09-30 15:06:02.308141,BUY,NSE:NIFTY25O0724650PE,119.3,116.45,123.80000000000001
2025-09-30 15:07:00.445401,SELL,NSE:NIFTY25O0724650PE,116.35
2025-09-30 15:08:03.273306,BUY,NSE:NIFTY25O0724650PE,119.75,115.35,128.7
2025-09-30 15:15:00.479840,SELL,NSE:NIFTY25O0724650PE,116.05
2025-09-30 15:16:03.452886,BUY,NSE:NIFTY25O0724650PE,117.45,115.55,120.04999999999998
2025-09-30 15:16:36.865213,SELL,NSE:NIFTY25O0724650PE,115.35
2025-10-01 09:27:01.220256,BUY,NSE:NIFTY25O0724600CE,164.05,157.2,174.32500000000005
2025-10-01 09:27:05.514798,SELL,NSE:NIFTY25O0724600CE,162
2025-10-01 09:30:01.146469,BUY,NSE:NIFTY25O0724650CE,137.55,134.05,143.64999999999998
2025-10-01 09:30:04.899476,SELL,NSE:NIFTY25O0724650CE,137.2
2025-10-01 09:34:01.344926,BUY,NSE:NIFTY25O0724650CE,140.9,136.95,148.05000000000004
2025-10-01 09:34:04.748141,SELL,NSE:NIFTY25O0724650CE,140.75
2025-10-01 09:49:00.813941,BUY,NSE:NIFTY25O0724650CE,166.3,159.2,180.65
2025-10-01 09:49:04.822504,SELL,NSE:NIFTY25O0724650CE,165.4
2025-10-01 10:06:01.549772,BUY,NSE:NIFTY25O0724650PE,113.45,104.05,133.15
2025-10-01 10:06:04.980818,SELL,NSE:NIFTY25O0724650PE,112.25
2025-10-01 10:18:01.081556,BUY,NSE:NIFTY25O0724650CE,132.95,126.25,141.25
2025-10-01 10:18:05.110836,SELL,NSE:NIFTY25O0724650CE,133.1
2025-10-01 10:27:00.784730,BUY,NSE:NIFTY25O0724700PE,122.3,118.75,126.65
2025-10-01 10:27:04.540292,SELL,NSE:NIFTY25O0724700PE,122.15
2025-10-01 10:31:01.162233,BUY,NSE:NIFTY25O0724650CE,139.2,134.1,148.8
2025-10-01 10:31:05.115690,SELL,NSE:NIFTY25O0724650CE,139.55
2025-10-01 10:32:08.287560,BUY,NSE:NIFTY25O0724650CE,150.15,138.75,172.5
2025-10-01 10:32:12.345678,SELL,NSE:NIFTY25O0724650CE,172.5
2025-10-03 09:31:06.628045,BUY,NSE:NIFTY25O0724800PE,90.35,78.85,112.30000000000001
2025-10-03 09:32:57.659822,SELL,NSE:NIFTY25O0724800PE,78.15
2025-10-03 09:35:04.316496,BUY,NSE:NIFTY25O0724800PE,83.65,77.5,91.89999999999999
2025-10-03 09:39:01.360562,SELL,NSE:NIFTY25O0724800PE,82.5
2025-10-03 09:44:06.001668,BUY,NSE:NIFTY25O0724750CE,129.6,121.95,144.44999999999996
2025-10-03 09:46:05.990444,SELL,NSE:NIFTY25O0724750CE,120.6
2025-10-03 09:48:06.975676,BUY,NSE:NIFTY25O0724750CE,127.3,116.85,141.47500000000002
2025-10-03 09:52:41.988668,SELL,NSE:NIFTY25O0724750CE,142.35
2025-10-03 09:58:03.028380,BUY,NSE:NIFTY25O0724800CE,116.5,114.0,120.89999999999999
2025-10-03 09:58:38.087368,SELL,NSE:NIFTY25O0724800CE,113.95
2025-10-03 10:11:02.900543,BUY,NSE:NIFTY25O0724800PE,73.55,69.85,80.35
2025-10-03 10:11:57.119328,SELL,NSE:NIFTY25O0724800PE,69.85
2025-10-03 10:21:03.041151,BUY,NSE:NIFTY25O0724800PE,78.95,74.55,85.05000000000001
2025-10-03 10:21:47.037263,SELL,NSE:NIFTY25O0724800PE,73.65
2025-10-03 10:29:03.067594,BUY,NSE:NIFTY25O0724800CE,98.3,94.95,102.95000000000002
2025-10-03 10:30:04.979891,SELL,NSE:NIFTY25O0724800CE,103.6
2025-10-03 10:46:02.843473,BUY,NSE:NIFTY25O0724800PE,84.35,76.7,99.2
2025-10-03 10:48:00.737701,SELL,NSE:NIFTY25O0724800PE,76.55
2025-10-03 11:08:03.427207,BUY,NSE:NIFTY25O0724800CE,98.1,95.35,101.72500000000002
2025-10-03 11:10:43.657337,SELL,NSE:NIFTY25O0724800CE,95.8
2025-10-03 11:15:02.849676,BUY,NSE:NIFTY25O0724800CE,103.25,99.15,108.77499999999999
2025-10-03 11:16:00.651466,SELL,NSE:NIFTY25O0724800CE,109.05
2025-10-03 11:21:02.726366,BUY,NSE:NIFTY25O0724800CE,111.15,107.0,118.70000000000002
2025-10-03 11:22:46.377492,SELL,NSE:NIFTY25O0724800CE,106.55
2025-10-03 11:33:02.920450,BUY,NSE:NIFTY25O0724800CE,107.4,102.2,112.10000000000001
2025-10-03 11:35:30.145729,SELL,NSE:NIFTY25O0724800CE,111.75
2025-10-03 11:43:03.671616,BUY,NSE:NIFTY25O0724800CE,111,107.25,114.55000000000001
2025-10-03 11:44:38.580210,SELL,NSE:NIFTY25O0724800CE,106.8
2025-10-03 11:51:02.932917,BUY,NSE:NIFTY25O0724800CE,110.6,107.3,114.00000000000001
2025-10-03 11:55:21.455205,SELL,NSE:NIFTY25O0724800CE,108.15
2025-10-03 12:06:02.775204,BUY,NSE:NIFTY25O0724800CE,118.85,108.35,140.45
2025-10-03 12:16:00.221874,SELL,NSE:NIFTY25O0724800CE,107.4
2025-10-03 12:18:01.815512,BUY,NSE:NIFTY25O0724850PE,83.4,79.3,91.75000000000001
2025-10-03 12:24:40.190164,SELL,NSE:NIFTY25O0724850PE,79.25
2025-10-03 12:32:01.704453,BUY,NSE:NIFTY25O0724850PE,87.1,77.05,99.67499999999998
2025-10-03 12:38:00.082677,SELL,NSE:NIFTY25O0724850PE,82.4
2025-10-03 13:38:01.436139,BUY,NSE:NIFTY25O0724850PE,79.3,72.6,88.725
2025-10-03 13:43:00.346553,SELL,NSE:NIFTY25O0724850PE,75.25
2025-10-03 13:46:01.817044,BUY,NSE:NIFTY25O0724800CE,105.05,100.45,111.44999999999999
2025-10-03 13:47:00.285091,SELL,NSE:NIFTY25O0724800CE,103.75
2025-10-03 14:13:01.457875,BUY,NSE:NIFTY25O0724850PE,78.85,75.85,83.225
2025-10-03 14:14:32.125163,SELL,NSE:NIFTY25O0724850PE,82.65
2025-10-03 14:29:01.510244,BUY,NSE:NIFTY25O0724800CE,100.25,98.1,103.47500000000001
2025-10-03 14:31:00.486718,SELL,NSE:NIFTY25O0724800CE,103.3
2025-10-03 14:37:01.599368,BUY,NSE:NIFTY25O0724850CE,84.2,77.05,100.9
2025-10-03 14:42:37.991427,SELL,NSE:NIFTY25O0724850CE,101.2
2025-10-03 14:49:02.118557,BUY,NSE:NIFTY25O0724850CE,102.25,97.65,111.44999999999999
2025-10-03 14:49:34.952231,SELL,NSE:NIFTY25O0724850CE,97.1
2025-10-03 15:03:01.604737,BUY,NSE:NIFTY25O0724850CE,112.85,105.65,127.55
2025-10-03 15:10:03.497082,SELL,NSE:NIFTY25O0724850CE,105.75
2025-10-06 10:04:01.828850,BUY,NSE:NIFTY25O0724950CE,65.05,60.35,69.95000000000002
2025-10-06 10:05:34.627021,SELL,NSE:NIFTY25O0724950CE,60.65
2025-10-06 10:13:01.830109,BUY,NSE:NIFTY25O0724950CE,69.25,61.55,80.67500000000001
2025-10-06 10:30:00.101107,SELL,NSE:NIFTY25O0724950CE,70.3
2025-10-06 10:32:01.415318,BUY,NSE:NIFTY25O0724950CE,75.6,69.3,81.50000000000001
2025-10-06 10:37:36.385145,SELL,NSE:NIFTY25O0724950CE,81.6
2025-10-06 11:13:01.371932,BUY,NSE:NIFTY25O0725000CE,54.6,52.7,59.45
2025-10-06 11:15:28.664447,SELL,NSE:NIFTY25O0725000CE,52.75
2025-10-06 11:31:05.359326,BUY,NSE:NIFTY25O0725000CE,65.95,64.9,67.89999999999998
2025-10-06 11:31:10.585321,SELL,NSE:NIFTY25O0725000CE,64.3
2025-10-06 11:34:51.141586,BUY,NSE:NIFTY25O0725000CE,64.95,64.2,66.2
2025-10-06 11:35:13.118737,SELL,NSE:NIFTY25O0725000CE,63.7
2025-10-06 11:46:01.295262,BUY,NSE:NIFTY25O0725050PE,74.35,70.3,78.50000000000001
2025-10-06 11:47:00.224105,SELL,NSE:NIFTY25O0725050PE,74.4
2025-10-06 11:53:01.488601,BUY,NSE:NIFTY25O0725000PE,51.35,48.55,55.55000000000001
2025-10-06 11:56:45.204419,SELL,NSE:NIFTY25O0725000PE,48.45
2025-10-06 12:15:13.621328,BUY,NSE:NIFTY25O0725000CE,67.35,64.5,72.37500000000001
2025-10-06 12:17:50.880249,SELL,NSE:NIFTY25O0725000CE,64.4
2025-10-06 12:51:04.501842,BUY,NSE:NIFTY25O0725000CE,74.15,70.65,79.64999999999999
2025-10-06 12:57:59.046660,SELL,NSE:NIFTY25O0725000CE,79.4
2025-10-06 13:05:01.431596,BUY,NSE:NIFTY25O0725000CE,92.1,87.75,100.35000000000001
2025-10-06 13:09:03.820292,SELL,NSE:NIFTY25O0725000CE,100.8
2025-10-06 13:10:06.338884,BUY,NSE:NIFTY25O0725050CE,66.5,64.8,69.75000000000001
2025-10-06 13:10:24.309360,SELL,NSE:NIFTY25O0725050CE,64.1
2025-10-06 13:15:01.450781,BUY,NSE:NIFTY25O0725050CE,68.2,65.2,72.32499999999999
2025-10-06 13:16:29.476449,SELL,NSE:NIFTY25O0725050CE,65
2025-10-06 13:30:01.460799,BUY,NSE:NIFTY25O0725050CE,79.7,67.2,98.45
2025-10-06 13:44:59.750981,SELL,NSE:NIFTY25O0725050CE,87.05
2025-10-06 13:50:01.623610,BUY,NSE:NIFTY25O0725100PE,68.95,61.8,82.65
2025-10-06 13:53:59.926894,SELL,NSE:NIFTY25O0725100PE,62.85
2025-10-06 14:11:01.421516,BUY,NSE:NIFTY25O0725100PE,71.7,68.5,76.5
2025-10-06 14:11:06.101299,SELL,NSE:NIFTY25O0725100PE,68.15
